date,lat,latd,long,longd,depth,mag,_id
2014-01-01T23:51:36.020Z,33.6633333,N,116.7776667,E,11.008,1.29,ci11408890
2014-01-01T23:47:26.501Z,63.102,N,151.6459,E,14.1,1.1,ak01421ig3u
2014-01-01T23:45:56.476Z,61.4581,N,150.0165,E,44.6,1.2,ak01421i2zj
2014-01-01T23:42:43.623Z,62.7884,N,150.8276,E,87.6,1.4,ak01421heui
2014-01-01T23:42:15.000Z,29.888,S,71.621,E,40,4,usc000mnnn
2014-01-01T23:40:44.020Z,38.8071671,N,122.7839966,E,0.013,0.53,nc72134466
2014-01-01T23:36:42.290Z,33.5175,N,116.562,E,8.148,0.47,ci11408882
2014-01-01T23:32:26.923Z,38.5678,N,118.4646,E,8.7,0.6,nn00557597
2014-01-01T23:32:17.530Z,23.9576,S,176.8207,E,219.29,4.2,usb000m2w9
2014-01-01T23:25:18.598Z,53.3823,N,167.3021,E,12.7,1.8,ak01421dpqr
2014-01-01T23:24:13.890Z,6.1578,S,128.3539,W,359.16,4.2,usb000m2wa
2014-01-01T23:18:04.550Z,48.4256667,N,123.1971667,E,11.92,0.64,uw60664506
2014-01-01T23:17:05.608Z,38.5819,N,118.4594,E,10.7,0.3,nn00557596
2014-01-01T23:10:08.800Z,18.3276,N,66.1455,E,58,2.7,pr14001004
2014-01-01T23:08:19.360Z,33.1823333,N,115.6021667,E,0.383,0.3,ci11408874
2014-01-01T23:05:16.400Z,17.7689,N,95.659,E,120.1,4,usc000mh9r
2014-01-01T23:04:31.115Z,36.6771,N,116.1108,E,0,0.3,nn00432852
2014-01-01T22:56:49.820Z,37.5738333,N,118.8601667,E,5.339,0.35,nc72134456
2014-01-01T22:50:46.650Z,32.2258333,N,115.3121667,E,8.027,1.88,ci11408866
2014-01-01T22:40:11.920Z,37.3576667,N,118.3738333,E,5.746,0.68,nc72134446
2014-01-01T22:35:50.350Z,38.8033333,N,122.7716675,E,1.12,0.52,nc72134441
2014-01-01T22:35:36.120Z,38.8096667,N,122.8146667,E,2.25,1.05,nc72134436
2014-01-01T22:33:51.260Z,13.7511,S,167.2381,W,205.98,4.6,usb000m2w8
2014-01-01T22:33:28.908Z,38.5729,N,118.4346,E,5.5,0.8,nn00557595
2014-01-01T22:23:29.140Z,33.7068333,N,116.7493333,E,17.148,0.53,ci11408858
2014-01-01T22:20:35.770Z,37.6036667,N,118.4288333,E,7.766,2.51,nc72134431
2014-01-01T22:17:25.310Z,38.8081665,N,122.7926636,E,2.48,0.54,nc72134426
2014-01-01T22:17:10.842Z,38.5754,N,118.4437,E,8,0.4,nn00557594
2014-01-01T22:15:23.980Z,38.8013333,N,122.813,E,2.87,1.42,nc72134421
2014-01-01T22:14:51.890Z,33.5045,N,116.4721667,E,9.618,0.45,ci11408842
2014-01-01T22:07:16.060Z,37.6308333,N,118.8876667,E,3.328,0.13,nc72134406
2014-01-01T22:05:03.740Z,45.9283,S,13.4962,E,10,4.4,usb000m2w5
2014-01-01T22:04:56.936Z,61.2575,N,146.8735,E,14.7,1.8,ak01420nv25
2014-01-01T21:59:24.926Z,60.4997,N,147.7955,E,3.2,1.9,ak01420e5d8
2014-01-01T21:58:13.430Z,38.8436661,N,122.8209991,E,4.136,0.57,nc72134396
2014-01-01T21:54:32.880Z,38.8203316,N,122.8188324,E,2.347,0.46,nc72134391
2014-01-01T21:48:09.542Z,53.4359,N,167.4455,E,36.7,2.4,ak01420bray
2014-01-01T21:39:18.450Z,38.8173333,N,122.8241667,E,2.61,1.3,nc72134386
2014-01-01T21:38:34.180Z,36.6753,N,116.1058,E,0,0,nn00432847
2014-01-01T21:36:24.237Z,64.8102,N,147.5138,E,12.3,0.5,ak0142097uf
2014-01-01T21:33:40.420Z,6.4984,S,130.0048,W,164.28,4,usb000m2w4
2014-01-01T21:30:37.690Z,38.8221664,N,122.8105011,E,3.099,0.59,nc72134381
2014-01-01T21:26:52.150Z,33.7718333,N,116.124,E,5.301,1,ci11408834
2014-01-01T21:25:49.120Z,3.0101,S,129.4565,W,35,4.7,usc000lvew
2014-01-01T21:14:45.690Z,40.2123333,N,121.167,E,11.912,1.4,nc72134376
2014-01-01T21:14:07.781Z,38.3097,N,118.5577,E,6.7,1,nn00557593
2014-01-01T21:11:33.410Z,0.9787,N,97.0082,W,16.71,4.5,usc000lven
2014-01-01T21:11:18.030Z,32.2136667,N,115.2873333,E,11.594,1.98,ci11408826
2014-01-01T20:55:30.387Z,38.3078,N,118.552,E,7.4,1.6,nn00557592
2014-01-01T20:50:22.792Z,63.2785,N,150.3825,E,118.5,1.9,ak0141zqs5j
2014-01-01T20:34:44.558Z,60.0342,N,148.1248,E,7.9,1.9,ak0141znedj
2014-01-01T20:30:23.310Z,19.52,N,155.7538333,E,10.498,1.32,hv60614426
2014-01-01T20:28:43.990Z,38.8198318,N,122.767334,E,2.008,0.87,nc72134371
2014-01-01T20:28:09.990Z,38.8009987,N,122.8233337,E,3.879,0.52,nc72134366
2014-01-01T20:07:34.770Z,47.373,N,122.6578333,E,22.971,0.71,uw60664436
2014-01-01T20:05:50.260Z,38.8318333,N,122.7476667,E,0.41,1.45,nc72134361
2014-01-01T19:54:06.990Z,33.7731667,N,116.121,E,6.573,0.97,ci11408802
2014-01-01T19:49:53.410Z,38.758667,N,122.7011642,E,0.372,0.47,nc72134356
2014-01-01T19:48:05.310Z,38.8101654,N,122.8131638,E,1.585,0.63,nc72134346
2014-01-01T19:47:17.310Z,40.2136667,N,121.1118333,E,6.556,1.63,nc72134351
2014-01-01T19:44:30.590Z,35.668,N,118.456,E,9.378,1.02,ci11408794
2014-01-01T19:43:07.038Z,54.8422,N,161.5012,E,22.4,2.1,ak0141z3tbj
2014-01-01T19:41:08.700Z,33.4721667,N,116.4878333,E,11.735,0.45,ci11408786
2014-01-01T19:30:13.807Z,37.1537,N,117.3821,E,10.6,0,nn00433110
2014-01-01T19:27:52.790Z,61.1638,N,152.4647,E,134.2,2.1,ak0141z0he7
2014-01-01T19:17:56.090Z,4.5344,N,95.7415,W,94.56,4.3,usc000lvdi
2014-01-01T19:16:01.998Z,60.2196,N,149.9935,E,31.7,1.9,ak0141yy0lj
2014-01-01T19:11:24.570Z,36.0983333,N,117.8488333,E,2.507,0.13,ci11408778
2014-01-01T19:08:56.890Z,38.8028336,N,122.774498,E,1.233,0.28,nc72134326
2014-01-01T19:08:04.950Z,37.552,N,118.8728333,E,3.217,0.07,nc72134331
2014-01-01T19:06:15.180Z,36.611,N,121.1261667,E,8.546,0.66,nc72134321
2014-01-01T18:45:50.417Z,61.6796,N,149.9855,E,29.5,1.4,ak0141yiwht
2014-01-01T18:42:00.050Z,35.6771667,N,118.4598333,E,9.188,1.26,ci11408770
2014-01-01T18:33:31.960Z,45.5563333,N,74.2878333,E,11.45,1.88,ld60052526
2014-01-01T18:31:31.473Z,61.6231,N,146.3497,E,48.1,1.9,ak0141yfv0b
2014-01-01T18:23:47.950Z,38.8188324,N,122.7955017,E,2.657,0.52,nc72134311
2014-01-01T18:21:14.310Z,35.6641667,N,118.4573333,E,9.198,0.68,ci11408762
2014-01-01T18:13:40.299Z,62.1779,N,141.4079,E,4.6,1.3,ak0141yc0st
2014-01-01T18:06:50.700Z,38.7989998,N,122.784668,E,3.174,0.53,nc72134296
2014-01-01T18:04:25.460Z,37.6333333,N,119.056,E,12.986,0.34,nc72135686
2014-01-01T18:04:19.810Z,37.6315,N,119.0923333,E,12.393,0.37,nc71076964
2014-01-01T18:04:06.760Z,37.6505,N,119.1896667,E,16.808,0.81,nc71076969
2014-01-01T17:53:39.870Z,33.9945,N,116.7931667,E,16.908,1.44,ci11408754
2014-01-01T17:49:52.630Z,33.6238333,N,116.6906667,E,14.519,0.35,ci11408746
2014-01-01T17:45:03.490Z,35.6685,N,118.4611667,E,7.578,1.1,ci11408738
2014-01-01T17:43:18.610Z,20.434,N,145.3275,W,98.74,4.7,usc000lvd6
2014-01-01T17:42:58.980Z,38.831665,N,122.8021698,E,1.66,0.85,nc72134291
2014-01-01T17:26:54.420Z,47.3735,N,122.681,E,23.091,1.43,uw60664401
2014-01-01T17:24:13.380Z,51.4159,N,177.598,E,32.7,3.6,usc000lyby
2014-01-01T17:23:12.080Z,38.8378333,N,122.838,E,1.753,1.98,nc72134286
2014-01-01T17:13:52.160Z,33.97,N,116.823,E,12.404,0.93,ci11408722
2014-01-01T17:06:36.317Z,61.001,N,151.3616,E,73.7,1.6,ak0141xp2vj
2014-01-01T17:05:51.942Z,63.2752,N,151.2767,E,9.8,1.4,ak0141xowd6
2014-01-01T17:04:06.710Z,33.1121667,N,115.574,E,6.369,1.22,ci11408714
2014-01-01T16:59:56.340Z,19.066,N,155.4453333,E,42.531,1.92,hv60614356
2014-01-01T16:55:03.150Z,19.1026667,N,155.4556667,E,36.41,1.97,hv60614346
2014-01-01T16:53:05.960Z,38.8419991,N,122.840332,E,1.363,1.03,nc72134281
2014-01-01T16:51:52.000Z,47.881,N,123.108,E,4.572,0.19,uw60664386
2014-01-01T16:48:34.900Z,17.896,N,67.1331,E,6,1.4,pr14001003
2014-01-01T16:47:53.860Z,51.8989,N,82.0733,W,23.71,4.6,usc000lvcu
2014-01-01T16:34:58.900Z,40.5075,N,121.6118333,E,17.765,0.51,nc72134966
2014-01-01T16:34:33.040Z,36.8165,N,121.5431667,E,5.003,1.03,nc72134271
2014-01-01T16:19:20.510Z,19.2701667,N,155.2123333,E,7.301,1.26,hv60614331
2014-01-01T16:18:37.950Z,38.8421669,N,122.8031693,E,0.962,0.57,nc72134256
2014-01-01T16:14:14.380Z,22.4184,S,66.1327,E,240.69,4.9,usc000lvb7
2014-01-01T16:12:13.220Z,35.6626667,N,120.363,E,10.47,1.03,nc72134251
2014-01-01T16:07:36.990Z,15.9428,N,98.739,E,15.02,4.2,usc000mh9l
2014-01-01T16:03:29.000Z,13.8633,S,167.249,W,187,6.5,usc000lvb5
2014-01-01T15:58:22.400Z,35.6663333,N,118.4608333,E,9.178,0.96,ci11408698
2014-01-01T15:47:16.460Z,35.6646667,N,118.469,E,9.438,3.02,ci11408690
2014-01-01T15:47:10.030Z,33.4988333,N,116.4686667,E,8.794,0.4,ci11408682
2014-01-01T15:45:59.993Z,63.587,N,147.2638,E,1.8,2.1,ak0141wqmf3
2014-01-01T15:34:46.048Z,53.8375,N,164.2881,E,41.3,2.3,ak0141wo8gs
2014-01-01T15:28:40.450Z,6.7657,N,127.3952,W,54.45,4.3,usb000m2w2
2014-01-01T15:20:26.750Z,38.7888333,N,122.7631667,E,1.24,1.31,nc72134236
2014-01-01T15:17:48.530Z,17.4773,S,167.8106,W,7.87,4.6,usb000m2w1
2014-01-01T14:54:33.060Z,37.4323333,N,118.6128333,E,7.687,0.73,nc72134226
2014-01-01T14:45:51.979Z,38.6777,N,119.5894,E,10.3,0.6,nn00432834
2014-01-01T14:45:13.070Z,38.8371658,N,122.8078308,E,1.701,0.68,nc72134221
2014-01-01T14:39:26.570Z,36.6547,N,140.9389,W,61.76,4.9,usc000lval
2014-01-01T14:23:03.600Z,35.2981,S,179.0072,E,54.48,4.9,usc000lva0
2014-01-01T14:10:59.948Z,63.0711,N,151.594,E,9.7,1.3,ak0141vxoqy
2014-01-01T14:10:32.900Z,17.7035,N,65.6585,E,17,2.2,pr14001002
2014-01-01T14:08:46.159Z,50.7539,N,172.839,E,13.5,2.5,ak0141vx893
2014-01-01T14:07:26.590Z,63.0607,N,151.5214,E,5.3,1.6,ak0141vwz0z
2014-01-01T13:54:22.990Z,6.6316,S,147.6208,W,64.15,4,usb000m2vz
2014-01-01T13:54:16.760Z,36.1406667,N,118.1026667,E,5.52,0.52,ci11408666
2014-01-01T13:53:57.744Z,61.1207,N,152.2038,E,15.9,0.3,ak0141vlgri
2014-01-01T13:50:00.530Z,38.8211667,N,122.7661667,E,1.45,1.38,nc72134211
2014-01-01T13:46:11.000Z,61.2081,N,152.2756,E,7.1,0.4,ak10931263
2014-01-01T13:45:51.789Z,61.2866,N,145.4025,E,15,1.7,ak0141vjqkq
2014-01-01T13:40:46.300Z,18.4022,N,67.363,E,21,2.5,pr14001001
2014-01-01T13:36:27.880Z,64.7173,N,148.5318,E,18.1,1.7,ak0141vhrac
2014-01-01T13:36:20.930Z,37.3765,N,122.1821667,E,3.76,0.36,nc72134206
2014-01-01T13:34:11.391Z,53.4624,N,165.0999,E,25.4,2.4,ak0141vhakz
2014-01-01T13:26:05.494Z,51.2908,N,175.2776,E,20,1.8,ak0141vfked
2014-01-01T13:15:55.830Z,38.7076667,N,122.3721667,E,9.94,0.93,nc72134201
2014-01-01T13:05:25.033Z,62.098,N,150.3176,E,60.2,2,ak0141vb3vb
2014-01-01T13:03:18.840Z,11.0273,N,86.7714,E,47.73,4.6,usb000m2vy
2014-01-01T12:40:24.670Z,38.7495,N,122.69,E,0.872,0.43,nc72134196
2014-01-01T12:31:38.128Z,51.8067,N,178.0581,E,9.8,1.8,ak0141uv9w4
2014-01-01T12:18:32.700Z,36.0838333,N,117.868,E,4.907,0.38,ci11408658
2014-01-01T12:13:36.050Z,19.368,N,145.2333,W,214.87,4.1,usb000m2vw
2014-01-01T12:12:31.230Z,38.8011667,N,122.815,E,3.03,1.25,nc72134191
2014-01-01T12:11:16.740Z,36.839,N,112.409,E,18.72,1.79,uu60050632
2014-01-01T12:08:36.300Z,44.4451,N,112.8475,E,6.9,1.4,mb14595454
2014-01-01T12:01:55.730Z,36.1025,N,117.8653333,E,4.032,0.75,ci11408650
2014-01-01T12:01:24.900Z,46.1491667,N,122.6526667,E,15.17,0.43,uw60664346
2014-01-01T11:52:25.940Z,38.8255,N,122.805,E,2.91,0.27,nc72134181
2014-01-01T11:33:51.500Z,35.9395,N,117.7401667,E,1.502,0.16,ci11408642
2014-01-01T11:24:39.050Z,7.6919,S,127.9629,W,180.54,4.2,usb000m2vu
2014-01-01T11:24:35.910Z,33.9976667,N,116.8258333,E,10.294,0.26,ci11408634
2014-01-01T11:18:23.020Z,1.031,N,126.1909,W,39.88,4.1,usb000m2w0
2014-01-01T11:09:31.213Z,61.5597,N,141.0807,E,4.4,1.4,ak0141u5401
2014-01-01T11:08:41.610Z,21.3022,S,68.0824,E,121.27,4,usb000m2wd
2014-01-01T11:08:09.850Z,44.4548,S,82.0262,E,10,4.6,usc000lv8w
2014-01-01T10:55:27.410Z,56.1218,S,27.6253,E,98.43,4.4,usb000m2wf
2014-01-01T10:51:33.610Z,38.9413333,N,122.9906667,E,8.202,1.14,nc72134166
2014-01-01T10:49:03.608Z,51.806,N,178.052,E,9.1,1.7,ak0141ts6wo
2014-01-01T10:44:41.699Z,62.972,N,150.3543,E,101.6,1.4,ak0141tr79l
2014-01-01T10:44:28.000Z,53.4979,N,165.1454,E,21,2.5,usc000lvdk
2014-01-01T10:44:02.038Z,38.5331,N,118.4256,E,8.9,0,nn00435972
2014-01-01T10:40:37.840Z,33.9403333,N,116.64,E,13.345,0.72,ci11408626
2014-01-01T10:30:06.850Z,44.5945,N,110.7243333,E,4.61,1.28,uu60050627
2014-01-01T10:29:31.700Z,37.6355,N,119.028,E,10.613,0.1,nc72135671
2014-01-01T10:26:46.010Z,44.6031667,N,110.7146667,E,7.39,1.79,uu60050622
2014-01-01T10:21:02.910Z,51.053,N,179.688,E,23.6,2.6,usc000lybx
2014-01-01T10:10:47.900Z,4.6918,N,95.1453,W,56.46,4,usb000m2vq
2014-01-01T10:06:21.124Z,62.0312,N,150.6711,E,1.1,1.3,ak0141tj0gw
2014-01-01T09:59:49.520Z,51.262,N,175.278,E,35.9,2.9,usc000lybw
2014-01-01T09:56:35.650Z,38.8093333,N,122.7971667,E,3.4,1.99,nc72134126
2014-01-01T09:53:11.350Z,38.8413315,N,122.8410034,E,2.031,0.55,nc72134121
2014-01-01T09:52:23.910Z,33.8006667,N,117.8335,E,2.402,1.36,ci11408618
2014-01-01T09:50:21.950Z,38.8250008,N,122.8028336,E,2.374,0.73,nc72134116
2014-01-01T09:39:53.499Z,63.3351,N,149.0546,E,86.8,1.8,ak0141t4pzp
2014-01-01T09:36:39.458Z,51.8047,N,178.0522,E,9.6,1.9,ak0141t41rd
2014-01-01T09:29:59.619Z,61.8389,N,151.5844,E,82.7,1.8,ak0141t2lax
2014-01-01T09:27:19.300Z,19.054,N,67.7055,E,42,3.2,pr14001000
2014-01-01T09:26:44.360Z,62.6902,N,150.3674,E,70.1,1.5,ak0141t1wz8
2014-01-01T09:17:21.120Z,54.499,N,162.287,E,39,2.6,usc000lybb
2014-01-01T09:06:21.460Z,41.7976667,N,112.7375,E,4.04,2.11,uu60050607
2014-01-01T09:06:12.530Z,38.8173332,N,122.8273315,E,2.151,0.9,nc72134111
2014-01-01T09:03:54.500Z,51.476,N,178.148,E,10.8,2.5,usc000lvde
2014-01-01T08:50:12.793Z,38.0906,N,118.8525,E,12.8,1.1,nn00557599
2014-01-01T08:48:48.760Z,38.8253333,N,122.7978333,E,1.62,1.3,nc72134106
2014-01-01T08:44:33.540Z,38.8271667,N,122.8031667,E,2.06,0.23,nc72134101
2014-01-01T08:38:17.530Z,38.6713333,N,122.3998333,E,6.748,1.85,nc72134096
2014-01-01T08:35:30.890Z,38.8246667,N,122.798,E,1.72,1.58,nc72134091
2014-01-01T08:34:53.750Z,33.9708333,N,116.8005,E,13.437,1.11,ci11408602
2014-01-01T08:34:16.334Z,39.6388,N,119.8596,E,7.2,0.5,nn00432831
2014-01-01T08:32:47.630Z,33.7155,N,116.7256667,E,19.052,0.49,ci11408594
2014-01-01T08:22:50.340Z,37.6016667,N,119.0028333,E,1.729,0.12,nc72134086
2014-01-01T07:58:48.970Z,38.8294983,N,122.8168335,E,4.152,0.56,nc72134081
2014-01-01T07:54:21.267Z,39.1677,N,119.6272,E,5.7,0.7,nn00432828
2014-01-01T07:53:56.380Z,18.4394,S,177.919,E,582.05,4.6,usc000lv7u
2014-01-01T07:52:18.550Z,33.3261667,N,116.377,E,9.433,0.39,ci11408586
2014-01-01T07:46:16.480Z,38.8378334,N,122.8098297,E,1.526,0.07,nc72134076
2014-01-01T07:44:16.370Z,38.8143349,N,122.8201675,E,2.62,0.18,nc72134071
2014-01-01T07:30:01.920Z,33.6318333,N,116.719,E,16.673,0.47,ci11408578
2014-01-01T07:29:43.900Z,38.8404999,N,122.8121643,E,0.589,0.9,nc72134066
2014-01-01T07:18:28.641Z,51.796,N,178.0487,E,8.5,1.8,ak0141rtats
2014-01-01T07:04:25.910Z,39.697,N,123.4368333,E,8.196,1.2,nc72134051
2014-01-01T07:04:04.190Z,41.9117,N,137.5205,W,285.08,4.9,usc000lv7r
2014-01-01T06:59:37.970Z,36.6035,N,121.2178333,E,1.232,0.76,nc72134046
2014-01-01T06:59:19.450Z,38.8233333,N,122.7916667,E,3.08,0.31,nc72134041
2014-01-01T06:48:12.070Z,38.8263321,N,122.8028336,E,2.025,0.55,nc72134036
2014-01-01T06:30:13.580Z,33.3561667,N,116.7185,E,15.424,0.72,ci11408562
2014-01-01T06:24:26.830Z,38.0311667,N,122.3795,E,8.194,0.73,nc72134031
2014-01-01T06:21:27.480Z,38.7901649,N,122.7624969,E,1.484,0.52,nc72134026
2014-01-01T06:17:15.340Z,44.617,S,37.4119,W,14.74,4.3,usb000m2vm
2014-01-01T06:08:33.500Z,28.58,N,54.314,W,18.3,4,usc000lv7j
2014-01-01T06:08:08.800Z,34.0183333,N,116.8913333,E,8.821,0.79,ci11408554
2014-01-01T05:59:12.950Z,33.386,N,116.4015,E,12.588,1.36,ci11408546
2014-01-01T05:57:50.070Z,38.8193321,N,122.8031693,E,0.199,0.9,nc72134021
2014-01-01T05:55:53.800Z,38.8676667,N,122.975,E,4.534,1.12,nc72134016
2014-01-01T05:53:23.870Z,33.964,N,116.676,E,18.445,0.89,ci11408530
2014-01-01T05:48:53.370Z,28.4669,S,71.3698,E,51.28,4.5,usc000lv8x
2014-01-01T05:47:23.490Z,39.0091667,N,111.4801667,E,12.98,1.47,uu60050602
2014-01-01T05:25:12.520Z,34.3655,N,116.9013333,E,2.42,1.25,ci11408522
2014-01-01T05:24:29.800Z,33.7103333,N,116.8288333,E,15.451,0.64,ci11408514
2014-01-01T05:19:53.660Z,36.0626667,N,120.6651667,E,3.744,0.66,nc72134011
2014-01-01T05:15:14.040Z,36.1303333,N,118.0658333,E,4.017,0.59,ci11408506
2014-01-01T05:13:18.512Z,62.9578,N,150.2372,E,91.7,2.3,ak0141qlc97
2014-01-01T05:10:09.000Z,33.7053333,N,116.8355,E,15.931,1.23,ci11408498
2014-01-01T05:07:14.160Z,38.81,N,122.7395,E,2.26,1.34,nc72134006
2014-01-01T04:46:28.090Z,44.6449,S,15.456,E,10.06,4.7,usc000lv78
2014-01-01T04:19:56.180Z,42.1301667,N,112.529,E,6.75,2.92,uu60050592
2014-01-01T04:18:59.080Z,40.2976667,N,123.622,E,29.404,2.12,nc72133976
2014-01-01T04:18:10.770Z,33.0833,N,139.4782,W,15.72,4.1,usb000m2vh
2014-01-01T04:18:06.610Z,3.4262,N,126.7562,W,63.39,4.1,usb000m2vg
2014-01-01T04:16:40.700Z,38.824501,N,122.8069992,E,2.409,0.89,nc72133971
2014-01-01T04:12:43.750Z,47.5521667,N,122.376,E,25.838,1.03,uw60664316
2014-01-01T04:05:45.310Z,33.3461667,N,116.3398333,E,14.343,0.82,ci11408490
2014-01-01T04:04:59.624Z,60.9743,N,150.8519,E,8.3,1.4,ak0141py2dm
2014-01-01T03:55:56.360Z,37.258,N,122.1718333,E,9.018,0.36,nc72133966
2014-01-01T03:51:25.340Z,33.9291667,N,116.9896667,E,14.502,1.03,ci11408482
2014-01-01T03:50:00.923Z,61.9508,N,152.4661,E,5.9,1.6,ak0141pmd6k
2014-01-01T03:39:43.770Z,52.074,N,167.004,E,41.1,2.9,usc000lvdc
2014-01-01T03:39:20.150Z,37.5196667,N,118.8248333,E,4.302,0.57,nc72133961
2014-01-01T03:38:41.557Z,37.4496,N,116.9816,E,12.6,0.9,nn00432825
2014-01-01T03:35:53.430Z,34.2061667,N,117.5881667,E,12.213,1.01,ci11408474
2014-01-01T03:34:45.170Z,37.5208333,N,118.8248333,E,3.689,0.4,nc71076564
2014-01-01T03:34:30.150Z,39.9083333,N,123.5745,E,10.354,1.05,nc72133956
2014-01-01T03:33:49.166Z,61.4423,N,151.6602,E,82.1,1.8,ak0141pitqc
2014-01-01T03:33:00.560Z,35.5751667,N,92.2601667,E,1.67,1.9,nm610251
2014-01-01T03:30:47.290Z,37.6336667,N,119.3518333,E,12.592,1.32,nc72133951
2014-01-01T03:28:37.260Z,33.4846667,N,116.4928333,E,11.29,0.39,ci11408466
2014-01-01T03:28:26.550Z,37.5188333,N,118.8255,E,3.912,0.69,nc72133946
2014-01-01T03:20:13.460Z,6.9955,S,127.7639,W,268.18,4.1,usc000lv6s
2014-01-01T03:18:11.670Z,38.8118324,N,122.8141632,E,1.573,0.43,nc72133941
2014-01-01T03:16:15.270Z,38.8328323,N,122.803833,E,1.429,0.43,nc72133936
2014-01-01T03:14:35.940Z,38.8273333,N,122.805,E,1.87,1.46,nc72133931
2014-01-01T03:11:35.000Z,44.7421667,N,111.2093333,E,11.39,0.7,uu60050582
2014-01-01T03:09:23.820Z,34.3006667,N,118.5758333,E,8.205,1.42,ci11408458
2014-01-01T03:07:01.350Z,38.7626648,N,122.7320023,E,1.668,0.59,nc72133921
2014-01-01T03:05:53.310Z,38.8136673,N,122.7958298,E,2.481,0.75,nc72133916
2014-01-01T03:05:49.070Z,37.6083333,N,119.3588333,E,7.849,1.13,nc72133926
2014-01-01T02:57:45.730Z,11.0957,S,165.2649,W,38.13,4.1,usb000m2vf
2014-01-01T02:54:36.470Z,38.8345,N,122.8033333,E,1.765,0.45,nc72133911
2014-01-01T02:49:10.600Z,47.8913,N,114.7478,E,2.9,1.9,mb14069302
2014-01-01T02:49:08.500Z,47.931,N,114.9191,E,10.7,1.6,mb14746480
2014-01-01T02:48:30.990Z,37.6128333,N,119.3536667,E,5.649,1.14,nc72133906
2014-01-01T02:45:20.094Z,62.9194,N,150.8947,E,101.2,1.6,ak0141ozwh5
2014-01-01T02:41:37.350Z,37.601,N,119.3356667,E,6.979,1.15,nc72133901
2014-01-01T02:33:40.830Z,38.8256683,N,122.8105011,E,2.273,0.56,nc72133896
2014-01-01T02:31:11.215Z,61.805,N,151.3111,E,67.9,1.6,ak0141owvrl
2014-01-01T02:28:30.478Z,38.0405,N,118.0714,E,0,1.1,nn00432821
2014-01-01T02:23:54.150Z,38.8214989,N,122.8248367,E,0.201,1.01,nc72133891
2014-01-01T02:17:12.414Z,61.5837,N,141.1399,E,7.2,2.3,ak0141otvu1
2014-01-01T02:16:21.940Z,36.0483333,N,120.6138333,E,2.772,1.26,nc72133886
2014-01-01T02:12:49.450Z,38.831,N,122.7708333,E,1.214,0.23,nc72133881
2014-01-01T02:00:42.000Z,33.225,N,116.0813333,E,9.132,2.4,ci11408450
2014-01-01T01:58:49.990Z,19.2761667,N,155.4715,E,8.446,2.48,hv60614066
2014-01-01T01:58:14.180Z,19.324,N,155.1316667,E,8.184,0.79,hv60614061
2014-01-01T01:52:40.010Z,38.8286667,N,122.817337,E,4.74,0.45,nc72133871
2014-01-01T01:46:06.560Z,38.8370018,N,122.8016663,E,1.517,0.43,nc72133866
2014-01-01T01:44:28.430Z,38.8336678,N,122.8031693,E,1.549,1.05,nc72133861
2014-01-01T01:38:57.550Z,40.2953333,N,121.5533333,E,2.146,0.55,nc72133856
2014-01-01T01:27:47.160Z,42.1251667,N,112.5171667,E,5.26,2.19,uu60050572
2014-01-01T01:26:22.990Z,19.1486,N,120.5772,W,10,4.3,usb000m2ve
2014-01-01T01:23:03.150Z,53.695,N,162.828,E,13.2,2.9,usc000lyb9
2014-01-01T01:08:27.220Z,6.2115,S,152.821,W,40.81,4.2,usb000m2vd
2014-01-01T01:04:28.330Z,33.3876667,N,116.3898333,E,11.576,0.58,ci11408442
2014-01-01T01:00:57.944Z,60.6054,N,152.0889,E,97.1,1.8,ak0141o4wki
2014-01-01T00:54:02.935Z,52.43,N,167.878,E,14.8,2.3,ak0141nuxdx
2014-01-01T00:53:59.130Z,33.4625,N,116.4728333,E,12.559,0.1,ci11408434
2014-01-01T00:47:01.015Z,63.236,N,144.7523,E,11.7,1.3,ak0141ntf85
2014-01-01T00:39:24.680Z,46.0926667,N,122.5188333,E,13.97,0.22,uw60664276
2014-01-01T00:36:42.470Z,38.8320007,N,122.7776642,E,0.187,1.07,nc72133846
2014-01-01T00:36:30.280Z,19.3246667,N,155.0353333,E,1.294,2.08,hv60614021
2014-01-01T00:24:43.771Z,60.0872,N,153.0185,E,105.8,2,ak0141nol21
2014-01-01T00:10:10.970Z,38.8216667,N,122.8435,E,2.14,0.57,nc72133841
2014-01-01T00:05:28.830Z,18.4965,S,175.5282,E,217.9,4.5,usc000lv5j
2014-01-01T00:01:16.610Z,19.0868,N,120.2389,W,10.07,5.1,usc000lv5e
2014-01-03T23:55:18.750Z,38.8231659,N,122.7904968,E,2.373,0.52,nc72135806
2014-01-03T23:53:07.960Z,37.4063333,N,118.468,E,3.267,0.46,nc72135811
2014-01-03T23:44:40.830Z,38.8351667,N,122.8016667,E,2.24,0.05,nc72135796
2014-01-03T23:37:03.771Z,60.4291,N,147.8376,E,15,1.6,ak0145ciy6h
2014-01-03T23:31:41.690Z,15.8743,S,174.1101,E,131.26,4.4,usb000m4pp
2014-01-03T23:21:36.700Z,18.9803,N,65.012,E,18,3.2,pr14003007
2014-01-03T23:20:18.330Z,62.8911,N,150.0949,E,81,1.2,ak0145cfc4p
2014-01-03T23:18:56.755Z,58.8565,N,136.7995,E,0.3,1.4,ak0145ceznv
2014-01-03T23:06:41.676Z,64.9865,N,148.8751,E,14.4,1,ak0145ccdwn
2014-01-03T22:40:02.040Z,14.441,N,88.8671,E,180.31,4.1,usb000m4pl
2014-01-03T22:35:16.530Z,38.8393326,N,122.8041687,E,1.894,0.07,nc72135781
2014-01-03T22:34:11.900Z,17.9619,N,65.4664,E,17,2.5,pr14003008
2014-01-03T22:29:52.045Z,59.9605,N,141.3342,E,13.3,1.5,ak0145bvwkk
2014-01-03T22:29:18.293Z,64.2716,N,149.9492,E,17.6,1.1,ak0145bvtyt
2014-01-03T22:27:45.904Z,62.3987,N,149.6165,E,2.3,0.9,ak0145bvgny
2014-01-03T22:22:11.590Z,38.8398333,N,122.8293333,E,2.09,0.52,nc72135776
2014-01-03T22:21:48.460Z,33.2395,N,116.2695,E,10.747,1.09,ci11409802
2014-01-03T22:19:40.381Z,63.5517,N,147.5557,E,2.9,1.5,ak0145btqie
2014-01-03T22:14:16.600Z,36.38,N,121.2105,E,3.223,1.53,nc72135771
2014-01-03T22:09:06.430Z,37.6325,N,118.859,E,3.715,0.35,nc72135766
2014-01-03T22:07:15.882Z,57.7701,N,154.1123,E,56.4,1.5,ak0145br410
2014-01-03T22:05:32.610Z,40.3161667,N,124.7243333,E,17.541,2.05,nc72135761
2014-01-03T22:02:09.970Z,37.5913,N,71.7709,W,136.33,4.3,usb000m4pk
2014-01-03T21:55:10.620Z,37.6311667,N,118.862,E,3.695,0.74,nc72135756
2014-01-03T21:52:51.157Z,63.4696,N,147.5536,E,5,1.3,ak0145bfed7
2014-01-03T21:51:59.480Z,36.8173333,N,121.5365,E,3.953,1.65,nc72135751
2014-01-03T21:49:13.429Z,36.7457,N,116.2169,E,6.3,0.1,nn00433247
2014-01-03T21:44:38.294Z,36.7347,N,116.2226,E,7.6,1.6,nn00433001
2014-01-03T21:43:40.340Z,55.3672,S,27.3938,E,40.28,4.2,usb000m4pj
2014-01-03T21:33:02.872Z,60.5429,N,138.7816,E,3.3,1.3,ak0145bb81b
2014-01-03T21:18:36.133Z,63.4075,N,152.7564,E,1,1,ak0145b82v1
2014-01-03T21:13:04.160Z,38.8074989,N,122.8420029,E,3.272,0.57,nc72135731
2014-01-03T21:09:43.700Z,34.3466667,N,116.456,E,7.665,1.06,ci11409778
2014-01-03T21:06:51.950Z,36.121,N,117.8973333,E,3.416,0.12,ci11409786
2014-01-03T20:58:49.040Z,5.8692,S,103.5606,W,62.12,4.5,usb000m4pq
2014-01-03T20:44:42.530Z,5.1014,S,145.1481,W,75.96,4.6,usc000lwgx
2014-01-03T20:41:43.560Z,33.1008333,N,115.6035,E,2.839,0.6,ci11409770
2014-01-03T20:38:35.170Z,33.1113333,N,115.6003333,E,4.864,1.66,ci11409762
2014-01-03T20:37:50.380Z,35.7073333,N,121.096,E,8.274,0.67,nc72135726
2014-01-03T20:37:24.370Z,33.1051667,N,115.599,E,4.039,0.6,ci11409754
2014-01-03T20:34:03.990Z,7.1006,S,155.9832,W,59.18,5.2,usc000lwgg
2014-01-03T20:25:11.890Z,38.8291667,N,122.7946667,E,1.85,0.23,nc72135716
2014-01-03T20:19:14.317Z,57.6226,N,155.5395,E,95.5,2,ak0145amtaf
2014-01-03T20:16:46.357Z,63.8487,N,146.7103,E,6.1,1.4,ak0145am8m3
2014-01-03T20:15:29.540Z,38.8170013,N,122.8410034,E,4.43,0.57,nc72135711
2014-01-03T20:06:16.623Z,51.4328,N,176.4836,E,25.6,2.3,ak0145ak15q
2014-01-03T19:58:29.930Z,37.0232,N,104.9512,E,5,2.6,usc000lwef
2014-01-03T19:52:44.930Z,8.6898,N,126.393,W,85.24,4.8,usc000lwek
2014-01-03T19:52:09.465Z,63.2659,N,151.036,E,7.8,1,ak0145a8fxu
2014-01-03T19:47:59.920Z,33.982,N,118.4525,E,11.147,3.01,ci11409738
2014-01-03T19:47:47.780Z,37.4868333,N,118.8465,E,6.639,0.62,nc72135706
2014-01-03T19:45:13.070Z,38.8258324,N,122.795166,E,2.422,0.45,nc72135701
2014-01-03T19:42:17.940Z,7.7669,N,137.1914,W,55.43,4.6,usb000m4ph
2014-01-03T19:39:53.300Z,34.0143333,N,117.5125,E,16.519,1.25,ci11409730
2014-01-03T19:37:56.860Z,38.779,N,122.7383333,E,0.13,1.53,nc72135696
2014-01-03T19:25:17.140Z,37.449,N,118.8333333,E,2.427,0.6,nc72135691
2014-01-03T19:22:44.080Z,7.5151,S,108.4103,W,110.38,4.5,usc000lwd1
2014-01-03T19:21:18.693Z,60.8619,N,149.7889,E,37.1,1.2,ak0145a1tgd
2014-01-03T19:18:38.950Z,35.356,N,92.7251667,E,2.05,2,nm610253
2014-01-03T19:17:22.210Z,60.2242,S,47.1291,E,13,4.7,usb000m4pv
2014-01-03T19:13:33.090Z,38.8230019,N,122.8466644,E,1.618,1.13,nc72135676
2014-01-03T19:13:07.370Z,35.9376667,N,117.18,E,0.827,0.65,ci11409722
2014-01-03T18:58:17.160Z,37.65,N,118.8513333,E,4.373,0,nc72135666
2014-01-03T18:56:48.070Z,11.678,N,87.6749,E,46.27,4.3,usb000m4pe
2014-01-03T18:48:55.740Z,0.5919,N,126.7232,W,70.83,4.6,usb000m4pc
2014-01-03T18:42:06.011Z,61.0212,N,151.0039,E,68.3,1.3,ak01459kuwp
2014-01-03T18:34:01.840Z,22.0707,S,175.6015,E,10.6,5,usc000lwbt
2014-01-03T18:33:23.738Z,69.5377,N,142.1835,E,4.7,2.4,ak01459iytx
2014-01-03T18:25:07.270Z,37.5645,N,118.8393333,E,4.349,0.09,nc72135661
2014-01-03T18:22:01.890Z,19.8819,S,169.4143,W,258.15,4.6,usb000m4pi
2014-01-03T18:21:56.830Z,37.5866667,N,118.9405,E,7.289,0.24,nc72135656
2014-01-03T18:19:19.670Z,38.8176651,N,122.7910004,E,4.69,0.55,nc72135646
2014-01-03T18:18:45.630Z,37.5816667,N,119.0063333,E,2.372,0.17,nc72137466
2014-01-03T18:11:50.000Z,27.9497,N,101.4765,W,38.43,4,usb000m4pb
2014-01-03T18:11:09.560Z,19.3368333,N,155.1323333,E,6.078,2.29,hv60615441
2014-01-03T18:08:30.360Z,37.5895,N,118.9398333,E,7.599,0.27,nc72135631
2014-01-03T18:06:33.560Z,33.3486667,N,116.3771667,E,13.148,1.59,ci11409706
2014-01-03T17:49:38.686Z,56.0751,N,159.6912,E,6.5,1.6,ak014590zu4
2014-01-03T17:49:18.990Z,33.4596667,N,116.4176667,E,12.435,0.85,ci11409698
2014-01-03T17:49:16.923Z,63.1688,N,151.4652,E,11.4,0.8,ak014590y5o
2014-01-03T17:47:29.730Z,38.8045006,N,122.7986679,E,2.172,1.01,nc72135616
2014-01-03T17:43:53.300Z,5.7155,S,146.9711,W,78.53,4.4,usb000m4p9
2014-01-03T17:39:16.969Z,51.871,N,176.3804,E,63.3,2.1,ak01458yt00
2014-01-03T17:34:35.370Z,33.5051667,N,116.4688333,E,9.58,0.44,ci11409690
2014-01-03T17:34:00.750Z,7.4746,N,35.497,E,15.39,4.7,usc000lwac
2014-01-03T17:23:55.130Z,33.5028333,N,116.4673333,E,9.13,0.86,ci11409682
2014-01-03T17:21:01.250Z,38.863,N,122.9766667,E,1.475,0.92,nc72135606
2014-01-03T17:17:23.480Z,34.4071,S,179.7788,E,158.66,4.7,usb000m4p8
2014-01-03T17:03:33.400Z,18.7364,N,64.6548,E,8,2.6,pr14003006
2014-01-03T17:01:56.972Z,62.2472,N,150.1364,E,19.4,1.6,ak01458qqvl
2014-01-03T17:00:28.431Z,62.9887,N,149.2307,E,0.6,0.3,ak01458qgyj
2014-01-03T16:54:26.970Z,40.3166667,N,124.5655,E,19.401,2.63,nc72135571
2014-01-03T16:51:31.910Z,1.0795,N,121.8041,W,60.55,4.3,usb000m4p7
2014-01-03T16:48:49.560Z,33.0316667,N,116.425,E,9.547,1.14,ci11409674
2014-01-03T16:46:59.350Z,38.8180008,N,122.7973328,E,3.322,0.63,nc72135566
2014-01-03T16:39:16.072Z,64.791,N,148.0217,E,11.3,0.7,ak01458ddbr
2014-01-03T16:31:27.690Z,38.8230019,N,122.7900009,E,4.176,0.55,nc72135556
2014-01-03T16:27:46.560Z,34.0446667,N,117.4665,E,6.109,1.02,ci11409658
2014-01-03T16:24:42.980Z,45.6854,S,77.5174,E,15.58,4.4,usb000m4pg
2014-01-03T16:24:26.680Z,35.9955,N,118.3796667,E,0.869,0.78,ci11409650
2014-01-03T16:23:22.127Z,37.3824,N,117.1223,E,6,0.2,nn00433012
2014-01-03T16:04:52.500Z,38.8393326,N,122.7768326,E,1.702,0.57,nc72135536
2014-01-03T15:56:05.919Z,63.2751,N,150.5994,E,128.3,1.4,ak01457vk3z
2014-01-03T15:40:47.860Z,43.7087,N,105.2931,E,0,3.3,usc000lw8p
2014-01-03T15:35:08.680Z,35.2716667,N,92.3418333,E,6.41,2,nm610252
2014-01-03T15:19:23.300Z,64.4711,N,146.8309,E,2.6,0.9,ak01457nnyi
2014-01-03T14:51:20.338Z,60.7882,N,150.4663,E,15,1.1,ak01457931d
2014-01-03T14:43:45.270Z,38.8255005,N,122.8066635,E,2.619,0.79,nc72135491
2014-01-03T14:39:51.186Z,61.0158,N,149.093,E,26.4,1.1,ak014576ktq
2014-01-03T14:36:04.400Z,38.7869987,N,122.7288361,E,1.729,0.67,nc72135486
2014-01-03T14:34:35.320Z,33.5116667,N,116.559,E,8.708,0.49,ci11409626
2014-01-03T14:32:48.319Z,60.0716,N,153.2427,E,134.7,2.3,ak0145752lb
2014-01-03T14:29:43.460Z,38.8271675,N,122.8051682,E,2.517,0.7,nc72135481
2014-01-03T14:29:17.543Z,65.0202,N,147.7443,E,10,0.9,ak014574d2i
2014-01-03T14:25:20.268Z,63.0287,N,148.1894,E,65.4,3.5,ak014573iey
2014-01-03T14:23:03.070Z,61.5429,N,149.8192,E,43.2,1.1,ak0145731nn
2014-01-03T14:21:57.000Z,27.83,N,52.09,W,17,4.6,usc000lw8c
2014-01-03T14:17:50.680Z,5.8842,S,103.4526,W,64.73,4.8,usc000lw85
2014-01-03T14:11:51.600Z,38.7461667,N,122.714,E,1.82,0.41,nc71103659
2014-01-03T14:11:31.740Z,38.8483333,N,122.8253333,E,1.49,1.22,nc72135476
2014-01-03T13:57:14.260Z,38.8093333,N,122.811,E,0.97,1.47,nc72135466
2014-01-03T13:56:00.450Z,38.8336678,N,122.807663,E,1.739,0.46,nc72135471
2014-01-03T13:52:54.350Z,37.6346667,N,118.882,E,6.449,1.03,nc72135461
2014-01-03T13:51:05.707Z,63.4965,N,147.5143,E,1.4,0.8,ak01456nmay
2014-01-03T13:49:21.370Z,46.6108333,N,119.8308333,E,5.953,1.02,uw60665566
2014-01-03T13:49:13.280Z,38.8335,N,122.7538333,E,1.189,0.32,nc72135456
2014-01-03T13:44:19.570Z,33.515,N,116.5575,E,8.995,0.33,ci11409618
2014-01-03T13:43:44.521Z,62.6487,N,151.1619,E,83.9,1.3,ak01456lzkk
2014-01-03T13:42:12.522Z,52.6181,N,169.842,E,37.5,2.4,ak01456lpdw
2014-01-03T13:39:51.620Z,46.3274,N,153.0956,W,19.47,4.6,usb000m4p4
2014-01-03T13:23:01.330Z,19.3878333,N,155.2781667,E,1.148,1.86,hv60615356
2014-01-03T13:19:41.684Z,60.6704,N,147.6551,E,6.2,1.2,ak01456gu60
2014-01-03T13:17:16.900Z,18.6567,N,67.8714,E,63,2.6,pr14003005
2014-01-03T13:11:31.100Z,36.9405,N,121.6793333,E,11.315,1.22,nc72135451
2014-01-03T13:09:40.500Z,38.8438339,N,122.8263321,E,4.172,0.08,nc72135446
2014-01-03T13:06:32.890Z,0.1982,S,122.9409,W,89.65,4.9,usc000lw7p
2014-01-03T12:57:57.590Z,6.7211,S,145.0362,W,10,4.5,usc000lw7q
2014-01-03T12:57:54.690Z,38.8289986,N,122.7799988,E,2.937,0.07,nc72135441
2014-01-03T12:52:42.620Z,31.913,N,116.2443333,E,11.926,2.36,ci11409602
2014-01-03T12:48:28.561Z,61.4593,N,149.861,E,33.2,1.3,ak014561lbc
2014-01-03T12:46:18.529Z,51.6051,N,175.0916,E,22.3,2.2,ak01456153w
2014-01-03T12:41:58.994Z,60.0545,N,141.3822,E,7.7,1.3,ak0145605nf
2014-01-03T12:39:09.260Z,38.7939987,N,122.7328339,E,1.683,0.28,nc72135436
2014-01-03T12:38:55.593Z,37.1642,N,115.3211,E,0,0.6,nn00432964
2014-01-03T12:36:30.200Z,38.8446655,N,122.7663345,E,1.137,0.78,nc72135431
2014-01-03T12:34:08.730Z,38.838665,N,122.8170013,E,6.106,0.57,nc72135426
2014-01-03T12:33:19.450Z,38.8261667,N,122.796,E,2.85,1.31,nc72135421
2014-01-03T12:24:25.780Z,38.8040009,N,122.7698364,E,1.509,0.53,nc72135416
2014-01-03T12:10:43.630Z,38.8081665,N,122.7743301,E,1.929,0.84,nc72135411
2014-01-03T12:08:57.809Z,64.9348,N,149.3112,E,8.4,0.8,ak01455t2xg
2014-01-03T12:08:01.520Z,51.469,N,178.78,E,19.3,2.7,usc000lyu3
2014-01-03T12:02:50.910Z,38.7568321,N,122.7421646,E,1.788,0.47,nc72135406
2014-01-03T12:02:30.940Z,38.760334,N,122.7411652,E,1.633,0.9,nc72135401
2014-01-03T12:00:40.890Z,37.3301667,N,122.1408333,E,8.04,1.11,nc72135396
2014-01-03T11:53:14.890Z,37.6505,N,118.8581667,E,2.985,0.6,nc72135391
2014-01-03T11:52:17.380Z,37.3235,N,122.1573333,E,9.61,2.85,nc72135386
2014-01-03T11:49:44.570Z,33.4468333,N,116.5773333,E,10.281,0.39,ci11409594
2014-01-03T11:48:31.470Z,38.8754997,N,122.8123322,E,1.718,1.1,nc72135381
2014-01-03T11:44:41.030Z,38.8045006,N,122.7724991,E,1.659,0.88,nc72135376
2014-01-03T11:38:16.040Z,38.8245,N,122.7915,E,2.755,0.31,nc72135371
2014-01-03T11:24:56.281Z,61.2334,N,147.0018,E,10,1.6,ak01455b2nw
2014-01-03T11:23:19.123Z,39.0939,N,115.5248,E,0,2.6,nn00432962
2014-01-03T11:22:49.960Z,19.3915,N,155.2783333,E,1.688,1.97,hv60615321
2014-01-03T11:20:56.540Z,63.3047,N,151.3307,E,10.7,0.9,ak01455a7ti
2014-01-03T11:02:21.304Z,53.1164,N,166.7822,E,25.6,2.3,ak014556a7m
2014-01-03T11:01:55.170Z,38.8149986,N,122.8218307,E,2.408,0.56,nc72135366
2014-01-03T11:00:15.840Z,37.738,N,122.564,E,9.115,1.3,nc72135361
2014-01-03T10:54:35.490Z,2.8117,S,129.782,W,45.92,4.3,usb000m4p1
2014-01-03T10:48:21.950Z,60.8336,N,140.4265,E,17.3,1.5,ak01454uplf
2014-01-03T10:45:20.310Z,38.8139992,N,122.8206635,E,2.779,0.92,nc72135351
2014-01-03T10:34:41.660Z,34.5985,N,118.6406667,E,8.079,1.1,ci11409586
2014-01-03T10:32:49.300Z,38.8366661,N,122.8288345,E,1.766,0.99,nc72135346
2014-01-03T10:30:45.270Z,33.373,N,116.4035,E,12.456,0.61,ci11409578
2014-01-03T10:29:00.980Z,38.8263321,N,122.8059998,E,2.229,0.56,nc72135341
2014-01-03T10:26:38.200Z,40.367,N,124.6625,E,20.291,2.3,nc72135336
2014-01-03T10:24:33.240Z,19.1457,N,120.1686,W,9.97,5.1,usc000lw6l
2014-01-03T10:22:16.609Z,61.0595,N,148.0712,E,11.6,1,ak01454p4kc
2014-01-03T10:21:43.052Z,57.9534,N,155.9037,E,3.9,1.2,ak01454oyw1
2014-01-03T10:17:51.990Z,34.5028333,N,116.5431667,E,5.596,1.01,ci11409570
2014-01-03T10:14:54.900Z,19.4416,N,67.9947,E,30,3.7,pr14003004
2014-01-03T10:14:30.220Z,32.6393333,N,115.7216667,E,8.507,1.97,ci11409562
2014-01-03T10:13:55.240Z,37.449,N,118.622,E,6.248,2.38,nc72135331
2014-01-03T10:10:01.040Z,38.8139992,N,122.8241653,E,1.978,0.56,nc72135326
2014-01-03T10:09:42.270Z,10.2294,S,75.3309,E,35.71,4.5,usc000lw6c
2014-01-03T10:05:31.000Z,41.2801667,N,125.4776667,E,0.036,2.63,nc72135321
2014-01-03T10:03:56.450Z,37.9335,N,122.0683333,E,10.036,1.26,nc72135316
2014-01-03T09:54:04.015Z,63.9205,N,148.9189,E,5.4,1.1,ak01454aiwh
2014-01-03T09:32:26.578Z,63.1259,N,149.1701,E,11,0.6,ak014545uw1
2014-01-03T09:30:01.958Z,63.9916,N,150.1194,E,0.7,0.9,ak014545dk3
2014-01-03T09:20:24.600Z,15.705,N,93.69,E,85.8,4,usc000mha8
2014-01-03T09:17:50.530Z,38.8375015,N,122.8078308,E,1.632,0.29,nc72135311
2014-01-03T09:17:19.850Z,38.8365,N,122.8078333,E,2.27,1.56,nc72135306
2014-01-03T09:14:31.070Z,5.7796,S,103.4633,W,57.87,4,usb000m4ny
2014-01-03T09:13:41.680Z,20.4291,S,178.151,E,554.07,4.6,usb000m4nx
2014-01-03T09:11:19.260Z,33.2335,N,116.0681667,E,8.369,1.19,ci11409554
2014-01-03T09:02:52.817Z,60.2324,N,152.9884,E,118.4,1.7,ak01453zhfl
2014-01-03T09:00:02.700Z,47.4603,N,115.8095,E,2,1.4,mb14636991
2014-01-03T08:57:50.800Z,38.829,N,122.7581667,E,0.26,1.53,nc72135301
2014-01-03T08:55:53.928Z,59.0125,N,141.7441,E,0.4,1.8,ak01453pev4
2014-01-03T08:44:19.050Z,37.6315,N,119.0393333,E,1.656,0.24,nc72135296
2014-01-03T08:37:26.513Z,39.0685,N,118.162,E,7.5,1.4,nn00432959
2014-01-03T08:37:15.400Z,17.8283,N,67.4107,E,34,3,pr14003003
2014-01-03T08:20:46.940Z,5.1757,S,103.3306,W,71.73,4.7,usc000lw4f
2014-01-03T08:19:03.490Z,17.7451,S,178.6265,E,626.13,4.2,usb000m4nu
2014-01-03T07:52:30.050Z,33.958,N,116.8411667,E,18.017,1.25,ci11409546
2014-01-03T07:51:20.780Z,5.7344,S,103.5423,W,64.75,4.7,usb000m4nt
2014-01-03T07:50:32.620Z,5.7607,S,103.7902,W,68.51,4,usb000m4ns
2014-01-03T07:42:15.860Z,38.8701668,N,122.8071671,E,1.522,1.01,nc72135286
2014-01-03T07:41:23.487Z,68.6088,N,145.2423,E,4.5,1.9,ak014530wvw
2014-01-03T07:31:34.692Z,60.6027,N,145.4129,E,8.8,1.7,ak01452ysl9
2014-01-03T07:17:30.420Z,38.8023338,N,122.7789993,E,0.113,0.88,nc72135281
2014-01-03T07:13:13.050Z,38.874,N,122.8146667,E,1.311,1.61,nc72135266
2014-01-03T07:10:38.030Z,63.4765,N,151.1037,E,8.7,0.9,ak01452uat7
2014-01-03T07:10:05.160Z,37.344,N,112.7068333,E,18.52,1.1,uu60050757
2014-01-03T07:01:39.800Z,19.3383,N,68.155,E,15,3.5,pr14003002
2014-01-03T06:56:56.750Z,38.8023338,N,122.7699966,E,1.328,0.28,nc72135261
2014-01-03T06:51:59.004Z,37.6363,N,117.0194,E,19.4,0.3,nn00433218
2014-01-03T06:18:41.666Z,68.7202,N,144.9847,E,10,2,ak01452al7q
2014-01-03T06:16:32.710Z,17.8973,S,178.5259,E,583.16,4.5,usc000lw37
2014-01-03T06:13:08.840Z,38.8221667,N,122.762,E,1.323,0.26,nc72135256
2014-01-03T06:02:35.296Z,62.4397,N,149.5033,E,58.9,1.3,ak01452759l
2014-01-03T06:01:49.129Z,60.3035,N,149.6806,E,33.3,1.1,ak014526ym8
2014-01-03T05:57:31.520Z,53.1198,N,172.9051,W,54.11,3.9,usb000m4pu
2014-01-03T05:42:31.205Z,55.377,N,134.9268,E,18.7,2.4,ak01451u9zk
2014-01-03T05:42:18.740Z,19.7755,N,155.8316667,E,13.328,2.14,hv60615251
2014-01-03T05:42:02.589Z,64.5382,N,149.8581,E,14.8,0.7,ak01451u7s2
2014-01-03T05:40:10.630Z,37.6093333,N,118.927,E,1.005,0.55,nc72135251
2014-01-03T05:36:08.620Z,7.2932,N,73.5251,E,118.21,4,usb000m4nq
2014-01-03T05:35:55.870Z,33.4606667,N,116.4236667,E,12.431,1.18,ci11409530
2014-01-03T05:31:35.270Z,63.301,N,148.1043,E,73.5,1.1,ak01451rxfb
2014-01-03T05:28:32.322Z,59.7152,N,152.8857,E,94.9,1.9,ak01451ra1s
2014-01-03T05:28:31.220Z,33.4641667,N,116.4171667,E,12.948,0.37,ci11409522
2014-01-03T05:22:54.990Z,38.8366661,N,122.7988358,E,1.503,0.91,nc72135246
2014-01-03T05:18:56.980Z,53.804,N,164.186,E,25.1,3.4,usc000lyul
2014-01-03T05:17:08.410Z,33.4618333,N,116.4155,E,13.058,0.22,ci11409514
2014-01-03T05:15:25.740Z,33.4618333,N,116.4146667,E,12.827,0.34,ci11409506
2014-01-03T05:13:07.470Z,38.8258324,N,122.8280029,E,2.396,0.56,nc72135241
2014-01-03T05:13:02.540Z,33.4616667,N,116.415,E,12.738,0.6,ci11409498
2014-01-03T05:12:54.740Z,33.4626667,N,116.4175,E,13.198,0.45,ci11409490
2014-01-03T05:12:54.040Z,1.3488,N,125.8906,W,64.3,4.1,usb000m4nn
2014-01-03T05:11:08.790Z,52.7658,S,11.9908,W,10,4.7,usb000m4nl
2014-01-03T05:08:24.908Z,61.093,N,152.2246,E,15.9,0.2,ak01451mz5m
2014-01-03T05:03:42.920Z,7.9324,N,94.5915,W,53.85,4.4,usb000m4np